<nodeDefs>
    <!-- ST Control -->
    <nodeDef id="stcontrol" nls="stc">
        <editors />
        <sts />
        <cmds>
            <sends />
            <accepts>
                <cmd id="DISCOVER" />
            </accepts>
        </cmds>
    </nodeDef>
    <!-- NODE DEF from 5.0 document http://wiki.universal-devices.com/index.php?title=V50_MAIN -->
    <!-- IPSO Digital Input-->
    <nodeDef id="ipsodi" nls="idi">
        <editors />
        <sts>
            <st id="GV1" editor="di_tf" />
            <st id="GV2" editor="di_raw" />
            <st id="GV3" editor="di_tf" />
            <st id="GV4" editor="di_raw" />
            <st id="GV5" editor="di_raw" />
        </sts>
        <cmds>
            <sends />
            <accepts>
                <cmd id="QUERY" />
            </accepts>
        </cmds>
    </nodeDef>
    <!-- IPSO Temperature -->
    <nodeDef id="ipsotemp" nls="itemp">
        <editors />
        <sts>
            <st id="GV1" editor="temp" />
            <st id="GV2" editor="temp" />
            <st id="GV3" editor="temp" />
        </sts>
        <cmds>
            <sends />
            <accepts>
                <cmd id="QUERY" />
            </accepts>
        </cmds>
    </nodeDef>
    <!-- IPSO Humidity -->
    <nodeDef id="ipsohum" nls="ihum">
        <editors />
        <sts>
            <st id="GV1" editor="hum" />
            <st id="GV2" editor="hum" />
            <st id="GV3" editor="hum" />
        </sts>
        <cmds>
            <sends />
            <accepts>
                <cmd id="QUERY" />
            </accepts>
        </cmds>
    </nodeDef>
    <!-- IPSO Accelerometer -->
    <nodeDef id="ipsoacel" nls="iacel">
        <editors />
        <sts>
            <st id="GV1" editor="acel" />
            <st id="GV2" editor="acel" />
            <st id="GV3" editor="acel" />
            <st id="GV4" editor="acel" />
            <st id="GV5" editor="acel" />
        </sts>
        <cmds>
            <sends />
            <accepts>
                <cmd id="QUERY" />
            </accepts>
        </cmds>
    </nodeDef>
    <!-- IPSO Magnetometer -->
    <nodeDef id="ipsomagn" nls="imagn">
        <editors />
        <sts>
            <st id="GV1" editor="magn" />
            <st id="GV2" editor="magn" />
            <st id="GV3" editor="magn" />
        </sts>
        <cmds>
            <sends />
            <accepts>
                <cmd id="QUERY" />
            </accepts>
        </cmds>
    </nodeDef>
    <!-- IPSO Barometer -->
    <nodeDef id="ipsobaro" nls="ibaro">
        <editors />
        <sts>
            <st id="GV1" editor="baro" />
            <st id="GV2" editor="baro" />
            <st id="GV3" editor="baro" />
        </sts>
        <cmds>
            <sends />
            <accepts>
                <cmd id="QUERY" />
            </accepts>
        </cmds>
    </nodeDef>
</nodeDefs>